,K_4 (MHz),crosskerrsreadout_4 (MHz),crosskerrsbox_4 (MHz),crosskerrcavity_4 (MHz),g4_4 (MHz),g3_4 (MHz)
0,1.56694952814129e-8,2.41791293399641e-11,8.20124127611191e-20,1.88944582121681e-6,7.92530044207084e-5,1.80676651471364e-6
